Function,Length Model Path,Length RMSE
0.5564197395973267,F,3.3406616731990657
